Test Loss,Test Accuracy
2.4378256797790527,0.35370001196861267
