Test Loss,Test Accuracy
2.383674144744873,0.3970000147819519
