loss,accuracy,val_loss,val_accuracy,lr
3.5690269470214844,0.19802500307559967,2.8995344638824463,0.272599995136261,0.001
2.726076364517212,0.30364999175071716,2.6910862922668457,0.2994000017642975,0.001
2.472992181777954,0.35089999437332153,2.638014078140259,0.30730000138282776,0.001
2.3070762157440186,0.3865250051021576,2.464160203933716,0.3440000116825104,0.001
2.2154316902160645,0.4134249985218048,2.3740930557250977,0.36489999294281006,0.001
2.1169164180755615,0.44385001063346863,2.468823194503784,0.34450000524520874,0.001
2.0369157791137695,0.47380000352859497,2.47542667388916,0.3700000047683716,0.001
1.9526398181915283,0.5068749785423279,2.423574209213257,0.391400009393692,0.001
