Test Loss,Test Accuracy
2.9954257011413574,0.05000000074505806
