Test Loss,Test Accuracy
2.144822597503662,0.36010000109672546
