Test Loss,Test Accuracy
3.031243085861206,0.05000000074505806
