Test Loss,Test Accuracy
2.3322811126708984,0.38179999589920044
