Test Loss,Test Accuracy
3.1084868907928467,0.05000000074505806
