Test Loss,Test Accuracy
2.3632657527923584,0.3978999853134155
