loss,accuracy,val_loss,val_accuracy,lr
3.767890691757202,0.053725000470876694,3.3525006771087646,0.04960000142455101,0.001
3.287557363510132,0.04782500118017197,3.220411777496338,0.049800001084804535,0.001
3.1619105339050293,0.046875,3.1084868907928467,0.05000000074505806,0.001
4.8468217849731445,0.047074999660253525,3.4804773330688477,0.05000000074505806,0.001
3.380601167678833,0.04777500033378601,3.28377628326416,0.05000000074505806,0.001
3.2115776538848877,0.04704999923706055,3.135802984237671,0.05000000074505806,0.001
