Test Loss,Test Accuracy
2.5892956256866455,0.3199999928474426
