Perturbation Loss,Perturbation Accuracy
2.2697460651397705,0.35339999198913574
