Perturbation Loss,Perturbation Accuracy
2.202599048614502,0.37310001254081726
