Test Loss,Test Accuracy
2.0393319129943848,0.42660000920295715
