Test Loss,Test Accuracy
2.1441123485565186,0.38659998774528503
