Perturbation Loss,Perturbation Accuracy
2.634040594100952,0.2777999937534332
