Test Loss,Test Accuracy
2.473008871078491,0.32839998602867126
