Test Loss,Test Accuracy
2.227450132369995,0.4223000109195709
