Perturbation Loss,Perturbation Accuracy
2.4410805702209473,0.3725000023841858
