loss,accuracy,val_loss,val_accuracy,lr
4.095879554748535,0.10329999774694443,3.4429452419281006,0.07859999686479568,0.001
3.3738632202148438,0.12630000710487366,9.977533340454102,0.05169999971985817,0.001
3.512343645095825,0.1182750016450882,3.543405771255493,0.08550000190734863,0.001
3.393819808959961,0.13075000047683716,3.747451066970825,0.0957999974489212,0.001
