Test Loss,Test Accuracy
3.4429452419281006,0.07859999686479568
