Perturbation Loss,Perturbation Accuracy
3.4491214752197266,0.07649999856948853
