Test Loss,Test Accuracy
2.4480719566345215,0.24869999289512634
