Test Loss,Test Accuracy
2.328112840652466,0.32760000228881836
