Test Loss,Test Accuracy
2.1315200328826904,0.3603000044822693
