Test Loss,Test Accuracy
1.8568785190582275,0.43299999833106995
