loss,accuracy,val_loss,val_accuracy,lr
3.4257898330688477,0.1409749984741211,2.6045422554016113,0.20409999787807465,0.001
2.4487833976745605,0.2549000084400177,2.328932762145996,0.2838999927043915,0.001
2.240241527557373,0.31755000352859497,2.268059015274048,0.3046000003814697,0.001
2.1238696575164795,0.352400004863739,2.294401168823242,0.29910001158714294,0.001
2.0157995223999023,0.38484999537467957,2.236257314682007,0.32850000262260437,0.001
1.9124367237091064,0.4185749888420105,2.1315200328826904,0.3603000044822693,0.001
1.7882943153381348,0.4525499939918518,2.2903196811676025,0.352400004863739,0.001
1.668367624282837,0.48557499051094055,2.249296188354492,0.3628000020980835,0.001
1.5178025960922241,0.5275499820709229,2.2712697982788086,0.3637000024318695,0.001
