Test Loss,Test Accuracy
2.091981887817383,0.4244000017642975
