Test Loss,Test Accuracy
2.063145399093628,0.4417000114917755
