Test Loss,Test Accuracy
2.3740930557250977,0.36489999294281006
