Test Loss,Test Accuracy
2.1483399868011475,0.4203999936580658
