Test Loss,Test Accuracy
2.0552420616149902,0.38420000672340393
