loss,accuracy,val_loss,val_accuracy,lr
3.3161864280700684,0.05017499998211861,2.995771884918213,0.05009999871253967,0.001
3.0640671253204346,0.049300000071525574,2.995471239089966,0.05009999871253967,0.001
2.996133804321289,0.04699999839067459,2.995466470718384,0.04989999905228615,0.001
2.9960978031158447,0.047325000166893005,2.9954257011413574,0.05000000074505806,0.001
2.996055841445923,0.047200001776218414,2.9954288005828857,0.05009999871253967,0.001
2.9960100650787354,0.04962500184774399,2.9954774379730225,0.05009999871253967,0.001
2.99607515335083,0.04817499965429306,2.995426893234253,0.05009999871253967,0.001
