Test Loss,Test Accuracy
2.0051426887512207,0.39559999108314514
