loss,accuracy,val_loss,val_accuracy,lr
3.933326482772827,0.05590000003576279,3.4734981060028076,0.05000000074505806,0.001
3.3912575244903564,0.04677499830722809,3.3078484535217285,0.05000000074505806,0.001
3.235978603363037,0.04749999940395355,3.1679868698120117,0.05000000074505806,0.001
3.117854356765747,0.04899999871850014,3.074683666229248,0.05000000074505806,0.001
3.0482747554779053,0.04699999839067459,3.031243085861206,0.05000000074505806,0.001
3.4578726291656494,0.04854999855160713,3.2249083518981934,0.05000000074505806,0.001
3.3838746547698975,0.048500001430511475,3.1812286376953125,0.05000000074505806,0.001
3.3841066360473633,0.04910000041127205,3.1819238662719727,0.05000000074505806,0.001
