Test Loss,Test Accuracy
2.6277403831481934,0.2321999967098236
