Perturbation Loss,Perturbation Accuracy
2.686635732650757,0.21199999749660492
