Test Loss,Test Accuracy
2.1342897415161133,0.43380001187324524
