Test Loss,Test Accuracy
2.4232892990112305,0.40059998631477356
