Test Loss,Test Accuracy
2.074348211288452,0.4230000078678131
