Perturbation Loss,Perturbation Accuracy
2.8780429363250732,0.3684000074863434
