Test Loss,Test Accuracy
2.6316139698028564,0.4262000024318695
