Test Loss,Test Accuracy
2.0324864387512207,0.4634999930858612
