Perturbation Loss,Perturbation Accuracy
2.208061933517456,0.421999990940094
