Test Loss,Test Accuracy
2.089298725128174,0.4510999917984009
