Perturbation Loss,Perturbation Accuracy
2.128217935562134,0.3944000005722046
