Perturbation Loss,Perturbation Accuracy
2.322678327560425,0.32839998602867126
