Test Loss,Test Accuracy
2.094782590866089,0.4011000096797943
