Test Loss,Test Accuracy
1.9570850133895874,0.43529999256134033
