Test Loss,Test Accuracy
2.0968732833862305,0.47690001130104065
