Test Loss,Test Accuracy
2.1702630519866943,0.36399999260902405
