Perturbation Loss,Perturbation Accuracy
2.262232780456543,0.3547999858856201
