Perturbation Loss,Perturbation Accuracy
2.3118412494659424,0.4287000000476837
