Test Loss,Test Accuracy
2.3264002799987793,0.37439998984336853
