Perturbation Loss,Perturbation Accuracy
3.029249906539917,0.1940000057220459
