Perturbation Loss,Perturbation Accuracy
2.098095417022705,0.429500013589859
