Test Loss,Test Accuracy
2.1384518146514893,0.3953999876976013
