Test Loss,Test Accuracy
2.96212100982666,0.22169999778270721
