Test Loss,Test Accuracy
1.8310908079147339,0.5008999705314636
