Test Loss,Test Accuracy
1.9873600006103516,0.5180000066757202
