Perturbation Loss,Perturbation Accuracy
2.235089063644409,0.4595000147819519
