Perturbation Loss,Perturbation Accuracy
2.325068473815918,0.3359000086784363
