Perturbation Loss,Perturbation Accuracy
2.615799903869629,0.31049999594688416
