loss,accuracy,val_loss,val_accuracy,lr
4.131014823913574,0.16210000216960907,3.101914405822754,0.18559999763965607,0.001
2.931448221206665,0.2143000066280365,2.96212100982666,0.22169999778270721,0.001
2.8122928142547607,0.23340000212192535,4.1461381912231445,0.1216999962925911,0.001
2.7546818256378174,0.2451000064611435,2.998401403427124,0.19140000641345978,0.001
2.7144765853881836,0.2515000104904175,3.058084011077881,0.17550000548362732,0.001
