Test Loss,Test Accuracy
2.1300084590911865,0.5034000277519226
