Test Loss,Test Accuracy
2.514605760574341,0.4097999930381775
