Perturbation Loss,Perturbation Accuracy
2.46643328666687,0.42809998989105225
