Perturbation Loss,Perturbation Accuracy
3.319845199584961,0.16040000319480896
