Test Loss,Test Accuracy
3.2762539386749268,0.16519999504089355
