Test Loss,Test Accuracy
2.675584554672241,0.25949999690055847
