Test Loss,Test Accuracy
2.2779173851013184,0.3037000000476837
