Test Loss,Test Accuracy
2.307856798171997,0.3018999993801117
