Test Loss,Test Accuracy
2.191343069076538,0.33570000529289246
