Test Loss,Test Accuracy
2.237513780593872,0.31610000133514404
