Test Loss,Test Accuracy
2.3273844718933105,0.2842000126838684
