Test Loss,Test Accuracy
2.293083429336548,0.3034999966621399
