Test Loss,Test Accuracy
2.12080979347229,0.361299991607666
