Test Loss,Test Accuracy
2.053555965423584,0.38040000200271606
